{
    "max_train_steps": 250000,
    "max_episode_steps": 999,
    "warmup_steps": 10000,
    "batch_size": 256,
    "num_update_loops": 2,
    "update_every": 1,
    "device": "cuda",
    "seed": 42,
    "eval_interval_episodes": 10,
    "eval_episodes": 10,
    "use_bptt": true,
    "sequence_length": 8,
    "burn_in_length": 4,
    "actor_lr": 0.0002239407231090426,
    "critic_lr": 0.0001828306017572226,
    "gamma": 0.9823522271023871,
    "tau": 0.007693135327059323,
    "policy_delay": 2,
    "target_noise": 0.28415959581368067,
    "noise_clip": 0.31789035300173857,
    "exp_noise": 0.1,
    "ou_sigma_init": 0.39609107327435644,
    "ou_sigma_end": 0.08244881107627974,
    "twc_internal_steps": 1,
    "twc_trhesholds": [
        -0.5,
        0.0,
        0.0
    ],
    "twc_decays": [
        0.1,
        0.1,
        0.1
    ],
    "rnd_init": true,
    "use_v2": true,
    "steepness_fire": 14.434533089746672,
    "steepness_gj": 7.133187732282942,
    "steepness_input": 4.984660808258514,
    "input_thresh": 0.0012398039891235871,
    "leaky_slope": 0.023101213993176297,
    "critic_hidden_layers": "(400, 300)",
    "replay_buffer_size": 100000,
    "replay_buffer_keep": 20000,
    "model_prefix": "twc_td3_OU_actor"
}