{
    "max_episode": 300,
    "max_time_steps": 999,
    "warmup_steps": 10000,
    "batch_size": 256,
    "num_update_loops": 2,
    "device": "cuda",
    "eval_interval_episodes": 10,
    "eval_episodes": 10,
    "use_bptt": true,
    "sequence_length": 8,
    "burn_in_length": 4,
    "best_model_prefix": "td3_actor_best",
    "actor_lr": 0.0002239407231090426,
    "critic_lr": 0.0001828306017572226,
    "gamma": 0.9823522271023871,
    "tau": 0.007693135327059323,
    "policy_delay": 2,
    "target_noise": 0.28415959581368067,
    "noise_clip": 0.31789035300173857,
    "sigma_start": 0.39609107327435644,
    "sigma_end": 0.08244881107627974,
    "sigma_decay_episodes": 220,
    "twc_internal_steps": 1,
    "twc_trhesholds": [
        -0.5,
        0.0,
        0.0
    ],
    "twc_decays": [
        0.1,
        0.1,
        0.1
    ],
    "rnd_init": true,
    "use_v2": true,
    "critic_hidden_layers": "[400, 300]",
    "replay_buffer_size": 100000,
    "replay_buffer_keep": 20000
}