{
    "sequence_length": 8,
    "burn_in_length": 4,
    "num_update_loops": 2,
    "actor_lr": 0.0002239407231090426,
    "critic_lr": 0.0001828306017572226,
    "gamma": 0.9823522271023871,
    "tau": 0.007693135327059323,
    "target_noise": 0.28415959581368067,
    "noise_clip": 0.31789035300173857,
    "sigma_start": 0.39609107327435644,
    "sigma_end": 0.08244881107627974,
    "sigma_decay_episodes": 220,
    "steep_fire": 14.434533089746672,
    "steep_gj": 7.133187732282942,
    "steep_input": 4.984660808258514,
    "input_thresh": 0.0012398039891235871,
    "leaky_slope": 0.023101213993176297
}