{
    "max_train_steps": 250000,
    "max_episode_steps": 999,
    "warmup_steps": 10000,
    "batch_size": 256,
    "num_update_loops": 2,
    "update_every": 1,
    "device": "cuda",
    "seed": 44,
    "eval_interval_episodes": 10,
    "eval_episodes": 10,
    "sequence_length": 8,
    "burn_in_length": 4,
    "actor_lr": 0.0002183572963772688,
    "critic_lr": 0.00013115017082985782,
    "gamma": 0.9799174537094782,
    "tau": 0.011692910873003236,
    "policy_delay": 2,
    "target_noise": 0.3216099209626975,
    "noise_clip": 0.3970541438231394,
    "exp_noise": 0.1,
    "ou_sigma_init": 0.4394915234620689,
    "ou_sigma_end": 0.07032789808111375,
    "twc_internal_steps": 1,
    "twc_trhesholds": [
        -0.5,
        0.0,
        0.0
    ],
    "twc_decays": [
        2.2,
        0.1,
        0.1
    ],
    "rnd_init": true,
    "use_v2": true,
    "steepness_fire": 12.459373541161675,
    "steepness_gj": 8.727658881039655,
    "steepness_input": 5.176643856860229,
    "input_thresh": 0.0011405566325037816,
    "leaky_slope": 0.03221673081961865,
    "critic_hidden_layers": "[400, 300]",
    "replay_buffer_size": 100000,
    "replay_buffer_keep": 20000,
    "model_prefix": "twc_td3_OU_actor"
}