{
    "max_train_steps": 250000,
    "max_episode_steps": 999,
    "warmup_steps": 10000,
    "batch_size": 256,
    "num_update_loops": 2,
    "update_every": 1,
    "device": "cuda",
    "seed": 57,
    "eval_interval_episodes": 10,
    "eval_episodes": 10,
    "sequence_length": 8,
    "burn_in_length": 4,
    "actor_lr": 0.00022705856757403392,
    "critic_lr": 0.00016158672747660963,
    "gamma": 0.9800917483802389,
    "tau": 0.011465080222175104,
    "policy_delay": 2,
    "target_noise": 0.29542465410618723,
    "noise_clip": 0.3904016384025214,
    "exp_noise": 0.1,
    "ou_sigma_init": 0.4416596328317623,
    "ou_sigma_end": 0.06033231026709031,
    "twc_internal_steps": 1,
    "twc_trhesholds": [
        -0.5,
        0.0,
        0.0
    ],
    "twc_decays": [
        2.2,
        0.1,
        0.1
    ],
    "rnd_init": true,
    "use_v2": true,
    "steepness_fire": 12.630374787841625,
    "steepness_gj": 8.225107638812196,
    "steepness_input": 5.888347307239816,
    "input_thresh": 0.0011981119491956177,
    "leaky_slope": 0.03200222407444994,
    "critic_hidden_layers": "(400, 300)",
    "replay_buffer_size": 100000,
    "replay_buffer_keep": 20000,
    "model_prefix": "twc_td3_OU_actor"
}