{
    "max_episode": 300,
    "max_train_steps": 300000,
    "max_episode_steps": 999,
    "warmup_steps": 10000,
    "batch_size": 256,
    "num_update_loops": 3,
    "update_every": 1,
    "device": "cuda",
    "seed": 42,
    "eval_interval_episodes": 10,
    "eval_episodes": 10,
    "use_bptt": true,
    "sequence_length": 9,
    "burn_in_length": 5,
    "actor_lr": 3.9390935488811857e-05,
    "critic_lr": 0.00034408065011177455,
    "gamma": 0.9904944523864395,
    "tau": 0.002118289709836111,
    "policy_delay": 2,
    "target_noise": 0.21742441879000213,
    "noise_clip": 0.38838096639263303,
    "sigma_start": 0.3702391664024297,
    "sigma_end": 0.055993944357061176,
    "sigma_decay_episodes": 174,
    "twc_internal_steps": 1,
    "twc_trhesholds": [
        -0.5,
        0.0,
        0.0
    ],
    "twc_decays": [
        0.1,
        0.1,
        0.1
    ],
    "rnd_init": true,
    "use_v2": false,
    "critic_hidden_layers": "[400, 300]",
    "replay_buffer_size": 100000,
    "replay_buffer_keep": 20000,
    "model_prefix": "twc_V1_td3_actor"
}